Workbook

Sheet Bar
B1: Warrior | C1: Paladin | D1: Rogue | E1: Mage | F1: Priest | G1: Necromancer | H1: Warlock | I1: Death Knight | J1: Mage_Arcane | K1: Mage_Fire | L1: Mage_Frost | M1: Mage_Water
A2: Fire_resistance | B2: ='Resistance List'!B4 -> 25 | C2: ='Resistance List'!J4 -> 32 | D2: ='Resistance List'!M4 -> 20 | E2: ='Resistance List'!O4 -> 20 | F2: ='Resistance List'!P4 -> 37 | G2: ='Resistance List'!U4 -> 30 | H2: ='Resistance List'!X4 -> 45 | I2: ='Resistance List'!AA4 -> 25 | J2: ='Resistance List'!AD4 -> 35 | K2: ='Resistance List'!AE4 -> 50 | L2: ='Resistance List'!AF4 -> 35 | M2: ='Resistance List'!AG4 -> 35
A3: Frost_resistance | B3: ='Resistance List'!B7 -> 25 | C3: ='Resistance List'!J7 -> 32 | D3: ='Resistance List'!M7 -> 20 | E3: ='Resistance List'!O7 -> 20 | F3: ='Resistance List'!P7 -> 37 | G3: ='Resistance List'!U7 -> 30 | H3: ='Resistance List'!X7 -> 20 | I3: ='Resistance List'!AA7 -> 40 | J3: ='Resistance List'!AD7 -> 35 | K3: ='Resistance List'!AE7 -> 35 | L3: ='Resistance List'!AF7 -> 50 | M3: ='Resistance List'!AG7 -> 35
A4: Arcane_resistance | B4: ='Resistance List'!B10 -> 25 | C4: ='Resistance List'!J10 -> 32 | D4: ='Resistance List'!M10 -> 20 | E4: ='Resistance List'!O10 -> 20 | F4: ='Resistance List'!P10 -> 37 | G4: ='Resistance List'!U10 -> 25 | H4: ='Resistance List'!X10 -> 25 | I4: ='Resistance List'!AA10 -> 25 | J4: ='Resistance List'!AD10 -> 50 | K4: ='Resistance List'!AE10 -> 35 | L4: ='Resistance List'!AF10 -> 35 | M4: ='Resistance List'!AG10 -> 25
A5: Shadow_resistance | B5: ='Resistance List'!B13 -> 25 | C5: ='Resistance List'!J13 -> 35 | D5: ='Resistance List'!M13 -> 20 | E5: ='Resistance List'!O13 -> 20 | F5: ='Resistance List'!P13 -> 45 | G5: ='Resistance List'!U13 -> 40 | H5: ='Resistance List'!X13 -> 45 | I5: ='Resistance List'!AA13 -> 35 | J5: ='Resistance List'!AD13 -> 35 | K5: ='Resistance List'!AE13 -> 35 | L5: ='Resistance List'!AF13 -> 35 | M5: ='Resistance List'!AG13 -> 35
A6: Death_resistance | B6: ='Resistance List'!B16 -> 25 | C6: ='Resistance List'!J16 -> 35 | D6: ='Resistance List'!M16 -> 20 | E6: ='Resistance List'!O16 -> 20 | F6: ='Resistance List'!P16 -> 45 | G6: ='Resistance List'!U16 -> 50 | H6: ='Resistance List'!X16 -> 35 | I6: ='Resistance List'!AA16 -> 40 | J6: ='Resistance List'!AD16 -> 30 | K6: ='Resistance List'!AE16 -> 30 | L6: ='Resistance List'!AF16 -> 30 | M6: ='Resistance List'!AG16 -> 30
A7: Poison_resistance | B7: ='Resistance List'!B19 -> 25 | C7: ='Resistance List'!J19 -> 25 | D7: ='Resistance List'!M19 -> 45 | E7: ='Resistance List'!O19 -> 45 | F7: ='Resistance List'!P19 -> 25 | G7: ='Resistance List'!U19 -> 40 | H7: ='Resistance List'!X19 -> 40 | I7: ='Resistance List'!AA19 -> 30 | J7: ='Resistance List'!AD19 -> 25 | K7: ='Resistance List'!AE19 -> 25 | L7: ='Resistance List'!AF19 -> 25 | M7: ='Resistance List'!AG19 -> 25
A8: Nature_resistance | B8: ='Resistance List'!B22 -> 25 | C8: ='Resistance List'!J22 -> 25 | D8: ='Resistance List'!M22 -> 25 | E8: ='Resistance List'!O22 -> 25 | F8: ='Resistance List'!P22 -> 30 | G8: ='Resistance List'!U22 -> 25 | H8: ='Resistance List'!X22 -> 30 | I8: ='Resistance List'!AA22 -> 25 | J8: ='Resistance List'!AD22 -> 25 | K8: ='Resistance List'!AE22 -> 25 | L8: ='Resistance List'!AF22 -> 25 | M8: ='Resistance List'!AG22 -> 50

Sheet Resistance List
B1: Warrior_Comprehensiveness | C1: Warrior_Defence | D1: Warrior_Weapon_Master | E1: Warrior_Berserker | F1: Warrior_Skeleton | G1: Warrior_Void_Rambler | H1: Warrior_Water_Elemental | I1: Warrior_Flesh_Puppet | J1: Paladin_Retribution | K1: Paladin_Protection | L1: Paladin_Holy | M1: Rogue_Comprehensiveness | N1: Rogue_Assassination | O1: Rogue_Toxicology | P1: Priest_Comprehensiveness | Q1: Priest_Shelter | R1: Priest_Discipline | S1: Priest_Shadow | T1: Priest_Devine | U1: Necromancer_Necromancy | V1: Necromancer_Bone_Master | W1: Necromancer_Flesh_Puppeteer | X1: Warlock_Comprehensiveness | Y1: Warlock_Affliction | Z1: Warlock_Destruction | AA1: Death Knight_Frost | AB1: Death Knight_Plague | AC1: Death Knight_Blood | AD1: Mage_Arcane | AE1: Mage_Fire | AF1: Mage_Frost | AG1: Mage_Water | AH1: Mage_Comprehensiveness | AI1: Mage_Skeleton
A2: Fire_resistance_Max | B2: 30 | C2: 30 | D2: 30 | E2: 30 | F2: 20 | G2: 45 | H2: 50 | I2: 30 | J2: 35 | K2: 35 | L2: 35 | M2: 25 | N2: 25 | O2: 25 | P2: 40 | Q2: 40 | R2: 40 | S2: 40 | T2: 40 | U2: 35 | V2: 35 | W2: 35 | X2: 50 | Y2: 50 | Z2: 50 | AA2: 30 | AB2: 35 | AC2: 30 | AD2: 40 | AE2: 55 | AF2: 40 | AG2: 40 | AH2: 40 | AI2: 25
A3: Fire_resistance_Min | B3: 20 | C3: 20 | D3: 20 | E3: 20 | F3: 10 | G3: 35 | H3: 40 | I3: 20 | J3: 29 | K3: 29 | L3: 29 | M3: 15 | N3: 15 | O3: 15 | P3: 34 | Q3: 34 | R3: 34 | S3: 34 | T3: 34 | U3: 25 | V3: 25 | W3: 25 | X3: 40 | Y3: 40 | Z3: 40 | AA3: 20 | AB3: 25 | AC3: 20 | AD3: 30 | AE3: 45 | AF3: 30 | AG3: 30 | AH3: 30 | AI3: 15
A4: Fire_resistance | B4: =(B2+B3)/2 -> 25 | C4: =(C2+C3)/2 -> 25 | D4: =(D2+D3)/2 -> 25 | E4: =(E2+E3)/2 -> 25 | F4: =(F2+F3)/2 -> 15 | G4: =(G2+G3)/2 -> 40 | H4: =(H2+H3)/2 -> 45 | I4: =(I2+I3)/2 -> 25 | ... AI4: =(AI2+AI3)/2 -> 20
A5: Frost_resistance_Max | B5: 30 | C5: 30 | D5: 30 | E5: 30 | F5: 30 | G5: 25 | H5: 20 | I5: 20 | J5: 35 | K5: 35 | L5: 35 | M5: 25 | N5: 25 | O5: 25 | P5: 40 | Q5: 40 | R5: 40 | S5: 40 | T5: 40 | U5: 35 | V5: 35 | W5: 35 | X5: 25 | Y5: 25 | Z5: 25 | AA5: 45 | AB5: 35 | AC5: 35 | AD5: 40 | AE5: 40 | AF5: 55 | AG5: 40 | AH5: 40 | AI5: 25
A6: Frost_resistance_Min | B6: 20 | C6: 20 | D6: 20 | E6: 20 | F6: 20 | G6: 15 | H6: 10 | I6: 10 | J6: 29 | K6: 29 | L6: 29 | M6: 15 | N6: 15 | O6: 15 | P6: 34 | Q6: 34 | R6: 34 | S6: 34 | T6: 34 | U6: 25 | V6: 25 | W6: 25 | X6: 15 | Y6: 15 | Z6: 15 | AA6: 35 | AB6: 25 | AC6: 25 | AD6: 30 | AE6: 30 | AF6: 45 | AG6: 30 | AH6: 30 | AI6: 15
A7: Frost_resistance | B7: =(B5+B6)/2 -> 25 | C7: =(C5+C6)/2 -> 25 | D7: =(D5+D6)/2 -> 25 | E7: =(E5+E6)/2 -> 25 | F7: =(F5+F6)/2 -> 25 | G7: =(G5+G6)/2 -> 20 | H7: =(H5+H6)/2 -> 15 | I7: =(I5+I6)/2 -> 15 | ... AI7: =(AI5+AI6)/2 -> 20
A8: Arcane_resistance_Max | B8: 30 | C8: 30 | D8: 30 | E8: 30 | F8: 25 | G8: 20 | H8: 35 | I8: 25 | J8: 35 | K8: 35 | L8: 35 | M8: 25 | N8: 25 | O8: 25 | P8: 40 | Q8: 40 | R8: 40 | S8: 40 | T8: 40 | U8: 30 | V8: 30 | W8: 30 | X8: 30 | Y8: 30 | Z8: 30 | AA8: 30 | AB8: 25 | AC8: 35 | AD8: 55 | AE8: 40 | AF8: 40 | AG8: 30 | AH8: 30 | AI8: 45
A9: Arcane_resistance_Min | B9: 20 | C9: 20 | D9: 20 | E9: 20 | F9: 15 | G9: 10 | H9: 25 | I9: 15 | J9: 29 | K9: 29 | L9: 29 | M9: 15 | N9: 15 | O9: 15 | P9: 34 | Q9: 34 | R9: 34 | S9: 34 | T9: 34 | U9: 20 | V9: 20 | W9: 20 | X9: 20 | Y9: 20 | Z9: 20 | AA9: 20 | AB9: 15 | AC9: 25 | AD9: 45 | AE9: 30 | AF9: 30 | AG9: 20 | AH9: 20 | AI9: 35
A10: Arcane_resistance | B10: =(B8+B9)/2 -> 25 | C10: =(C8+C9)/2 -> 25 | D10: =(D8+D9)/2 -> 25 | E10: =(E8+E9)/2 -> 25 | F10: =(F8+F9)/2 -> 20 | G10: =(G8+G9)/2 -> 15 | H10: =(H8+H9)/2 -> 30 | I10: =(I8+I9)/2 -> 20 | ... AI10: =(AI8+AI9)/2 -> 40
A11: Shadow_resistance_Max | B11: 30 | C11: 30 | D11: 30 | E11: 30 | F11: 45 | G11: 45 | H11: 35 | I11: 45 | J11: 40 | K11: 40 | L11: 40 | M11: 25 | N11: 25 | O11: 25 | P11: 50 | Q11: 50 | R11: 50 | S11: 50 | T11: 50 | U11: 45 | V11: 45 | W11: 45 | X11: 50 | Y11: 50 | Z11: 50 | AA11: 40 | AB11: 40 | AC11: 45 | AD11: 40 | AE11: 40 | AF11: 40 | AG11: 40 | AH11: 40 | AI11: 25
A12: Shadow_resistance_Min | B12: 20 | C12: 20 | D12: 20 | E12: 20 | F12: 35 | G12: 35 | H12: 25 | I12: 35 | J12: 30 | K12: 30 | L12: 30 | M12: 15 | N12: 15 | O12: 15 | P12: 40 | Q12: 40 | R12: 40 | S12: 40 | T12: 40 | U12: 35 | V12: 35 | W12: 35 | X12: 40 | Y12: 40 | Z12: 40 | AA12: 30 | AB12: 30 | AC12: 35 | AD12: 30 | AE12: 30 | AF12: 30 | AG12: 30 | AH12: 30 | AI12: 15
A13: Shadow_resistance | B13: =(B11+B12)/2 -> 25 | C13: =(C11+C12)/2 -> 25 | D13: =(D11+D12)/2 -> 25 | E13: =(E11+E12)/2 -> 25 | F13: =(F11+F12)/2 -> 40 | G13: =(G11+G12)/2 -> 40 | H13: =(H11+H12)/2 -> 30 | I13: =(I11+I12)/2 -> 40 | ... AI13: =(AI11+AI12)/2 -> 20
A14: Death_resistance_Max | B14: 30 | C14: 30 | D14: 30 | E14: 30 | F14: 45 | G14: 30 | H14: 35 | I14: 45 | J14: 40 | K14: 40 | L14: 40 | M14: 25 | N14: 25 | O14: 25 | P14: 50 | Q14: 50 | R14: 50 | S14: 50 | T14: 50 | U14: 55 | V14: 55 | W14: 55 | X14: 40 | Y14: 40 | Z14: 40 | AA14: 45 | AB14: 45 | AC14: 45 | AD14: 35 | AE14: 35 | AF14: 35 | AG14: 35 | AH14: 35 | AI14: 45
A15: Death_resistance_Min | B15: 20 | C15: 20 | D15: 20 | E15: 20 | F15: 35 | G15: 20 | H15: 25 | I15: 35 | J15: 30 | K15: 30 | L15: 30 | M15: 15 | N15: 15 | O15: 15 | P15: 40 | Q15: 40 | R15: 40 | S15: 40 | T15: 40 | U15: 45 | V15: 45 | W15: 45 | X15: 30 | Y15: 30 | Z15: 30 | AA15: 35 | AB15: 35 | AC15: 35 | AD15: 25 | AE15: 25 | AF15: 25 | AG15: 25 | AH15: 25 | AI15: 35
A16: Death_resistance | B16: =(B14+B15)/2 -> 25 | C16: =(C14+C15)/2 -> 25 | D16: =(D14+D15)/2 -> 25 | E16: =(E14+E15)/2 -> 25 | F16: =(F14+F15)/2 -> 40 | G16: =(G14+G15)/2 -> 25 | H16: =(H14+H15)/2 -> 30 | I16: =(I14+I15)/2 -> 40 | ... AI16: =(AI14+AI15)/2 -> 40
A17: Poison_resistance_Max | B17: 30 | C17: 30 | D17: 30 | E17: 30 | F17: 45 | G17: 45 | H17: 20 | I17: 45 | J17: 30 | K17: 30 | L17: 30 | M17: 50 | N17: 50 | O17: 50 | P17: 30 | Q17: 30 | R17: 30 | S17: 30 | T17: 30 | U17: 45 | V17: 45 | W17: 45 | X17: 45 | Y17: 45 | Z17: 45 | AA17: 35 | AB17: 45 | AC17: 35 | AD17: 30 | AE17: 30 | AF17: 30 | AG17: 30 | AH17: 30 | AI17: 45
A18: Poison_resistance_Min | B18: 20 | C18: 20 | D18: 20 | E18: 20 | F18: 35 | G18: 35 | H18: 10 | I18: 35 | J18: 20 | K18: 20 | L18: 20 | M18: 40 | N18: 40 | O18: 40 | P18: 20 | Q18: 20 | R18: 20 | S18: 20 | T18: 20 | U18: 35 | V18: 35 | W18: 35 | X18: 35 | Y18: 35 | Z18: 35 | AA18: 25 | AB18: 35 | AC18: 25 | AD18: 20 | AE18: 20 | AF18: 20 | AG18: 20 | AH18: 20 | AI18: 35
A19: Poison_resistance | B19: =(B17+B18)/2 -> 25 | C19: =(C17+C18)/2 -> 25 | D19: =(D17+D18)/2 -> 25 | E19: =(E17+E18)/2 -> 25 | F19: =(F17+F18)/2 -> 40 | G19: =(G17+G18)/2 -> 40 | H19: =(H17+H18)/2 -> 15 | I19: =(I17+I18)/2 -> 40 | ... AI19: =(AI17+AI18)/2 -> 40
A20: Nature_resistance_Max | B20: 30 | C20: 30 | D20: 30 | E20: 30 | F20: 25 | G20: 25 | H20: 40 | I20: 25 | J20: 30 | K20: 30 | L20: 30 | M20: 30 | N20: 30 | O20: 30 | P20: 35 | Q20: 35 | R20: 35 | S20: 35 | T20: 35 | U20: 30 | V20: 30 | W20: 30 | X20: 35 | Y20: 35 | Z20: 35 | AA20: 30 | AB20: 30 | AC20: 30 | AD20: 30 | AE20: 30 | AF20: 30 | AG20: 55 | AH20: 55 | AI20: 25
A21: Nature_resistance_Min | B21: 20 | C21: 20 | D21: 20 | E21: 20 | F21: 15 | G21: 15 | H21: 30 | I21: 15 | J21: 20 | K21: 20 | L21: 20 | M21: 20 | N21: 20 | O21: 20 | P21: 25 | Q21: 25 | R21: 25 | S21: 25 | T21: 25 | U21: 20 | V21: 20 | W21: 20 | X21: 25 | Y21: 25 | Z21: 25 | AA21: 20 | AB21: 20 | AC21: 20 | AD21: 20 | AE21: 20 | AF21: 20 | AG21: 45 | AH21: 45 | AI21: 15
A22: Nature_resistance | B22: =(B20+B21)/2 -> 25 | C22: =(C20+C21)/2 -> 25 | D22: =(D20+D21)/2 -> 25 | E22: =(E20+E21)/2 -> 25 | F22: =(F20+F21)/2 -> 20 | G22: =(G20+G21)/2 -> 20 | H22: =(H20+H21)/2 -> 35 | I22: =(I20+I21)/2 -> 20 | ... AI22: =(AI20+AI21)/2 -> 20
A24: Sum | B24: =B4+B7+B10+B13+B16+B19+B22 -> 175 | C24: =C4+C7+C10+C13+C16+C19+C22 -> 175 | D24: =D4+D7+D10+D13+D16+D19+D22 -> 175 | E24: =E4+E7+E10+E13+E16+E19+E22 -> 175 | F24: =F4+F7+F10+F13+F16+F19+F22 -> 200 | G24: =G4+G7+G10+G13+G16+G19+G22 -> 200 | H24: =H4+H7+H10+H13+H16+H19+H22 -> 200 | I24: =I4+I7+I10+I13+I16+I19+I22 -> 200 | ... AI24: =AI4+AI7+AI10+AI13+AI16+AI19+AI22 -> 200
A25: Avg | B25: =B24/7 -> 25 | C25: =C24/7 -> 25 | D25: =D24/7 -> 25 | E25: =E24/7 -> 25 | F25: =F24/7 -> 28.571429 | G25: =G24/7 -> 28.571429 | H25: =H24/7 -> 28.571429 | I25: =I24/7 -> 28.571429 | ... AI25: =AI24/7 -> 28.571429
